Date,Tweet,Open,High,Low,Close,Adj Close,Volume,Stock Name,Company Name
2021-10-07,"Confirmed #earnings for October 

https://t.co/lObOE0dgsr 

$AAPL $JPM $TSM $FB $NFLX $SNAP $CLF $BAC $DAL $SQ $PFE $BLK $WFC $WBA $INTC $GOOGL $F $C $DPZ $UNH $GM $JNJ $MS $T $NUE $CMC  $AA $TWTR $BA $QCOM $LRCX 

FYI $AMZN $TSLA $AMD $BABA $MSFT have not scheduled earnings yet https://t.co/9QAaaxXGUx",54.31999969482422,54.9900016784668,54.119998931884766,54.18000030517578,51.75178527832031,20704400,INTC,Intel Corporation
2021-10-14,"TSMC node transitions are slowing down heavily!
At N7, cost/transistor stopped scaling
At N5, cost/transistor went up and SRAM scaling slowed
At N3 cadence moved to 2.5 years and power/SRAM scaling poor
And now N2 is 2025
This Intel/Samsung moment to catch up!
$TSM $INTC $SSNLF",52.900001525878906,54.0,52.72999954223633,53.900001525878906,51.48433303833008,26586700,INTC,Intel Corporation
2021-10-18,"$INTC 

Fuck. https://t.co/LQauwjIX7D",54.189998626708984,54.560001373291016,53.720001220703125,54.470001220703125,52.02878952026367,22407600,INTC,Intel Corporation
2021-10-19,"Update on Apple, Tesla, Amazon, Nvidia, $SPY, $QQQ, AMD, Disney, AMC, Micron, Bitcoin, and Ethereum!

Content
Technology $AAPL $AMZN $AMD $NVDA $MSFT $TSLA $ENPH $MU $INTC
Reopening / Inflation $DIS $AMC $UUUU $CPER $VALE
Crypto $BTC $ETH $MARA $RIOT $MSTR
https://t.co/oQUGNbONDE",54.630001068115234,55.220001220703125,54.369998931884766,55.209999084472656,52.73561477661133,18392900,INTC,Intel Corporation
2021-10-21,I'm just letting y'all know I had to put my money where my mouth is. So 3500 contract on the $INTC 54 Put for this Friday. I'm out here. If you missed Tuesday than you missed an opportunity. Don't Intel the sun will come up tomorrow. #iAMWHOIAM #LEARNEARN #thecomeupseries,54.93000030517578,56.06999969482422,54.83000183105469,56.0,53.49021911621094,38390900,INTC,Intel Corporation
2021-10-21,"$DWAC TRUMP SOCIAL MEDIA COMING FOR ALL THE PLATFORMS LOL 

$SNAP DOWN 30%

$INTC  DOWN 6% 

$FB DOWN 7%",54.93000030517578,56.06999969482422,54.83000183105469,56.0,53.49021911621094,38390900,INTC,Intel Corporation
2021-10-21,EARNINGS: Intel Q3 EPS $1.71 Adj. vs. $1.11 Est.; Q3 Revs. $18.1B vs. $18.24B Est. ‚Ä¢ $INTC https://t.co/DyneXDAzB0 https://t.co/Y3FpRzWs9w,54.93000030517578,56.06999969482422,54.83000183105469,56.0,53.49021911621094,38390900,INTC,Intel Corporation
2021-10-21,"$5053.66 for Q4 üî• üî• 
(My #Dividend for the rest of the year)
Big names like:
$XOM $O $T $VZ $AAPL $SBUX $SPG 
$INTC $JNJ $PFE $WBA $NLY $BP https://t.co/dqU0ImzpTd",54.93000030517578,56.06999969482422,54.83000183105469,56.0,53.49021911621094,38390900,INTC,Intel Corporation
2021-10-22,"Intel Betting The Farm
Shrinking business, margins down for a few years, but aggressively investing $40B-$43B a year, more with subsidies!
$INTC could follow the path of other American goliaths such as IBM and General Electric, but instead they will fight!
https://t.co/ATANgneYvK",50.38999938964844,50.54999923706055,49.13999938964844,49.459999084472656,47.24332046508789,109971900,INTC,Intel Corporation
2021-10-22,"üê≥ news:

- @federalreserve listens to @unusual_whales 
- $DWAC: üìàüìàüìà
- $SNAP -27% AH, $FB/ $TWTR down
- Biden: üìà tax $400,000
- $TSLA: enforcing strict FSDa rules
- $INTC: shortage till 2023
- $LCID: sedans in 2023
- $SNDL x $TLRY?
- Futures ü§¢: https://t.co/TB1xWVfF66 https://t.co/Eak4lhRzdW",50.38999938964844,50.54999923706055,49.13999938964844,49.459999084472656,47.24332046508789,109971900,INTC,Intel Corporation
2021-10-22,Absolutely ridiculous Why $IBM and $INTC are still part of the Dow Jones Index. Take them nasty shits outs already and add $NVDA and $AMZN. https://t.co/AKt123UzCT,50.38999938964844,50.54999923706055,49.13999938964844,49.459999084472656,47.24332046508789,109971900,INTC,Intel Corporation
2021-10-25,"#OPTIONS IDEAS

$EBAY 82c &gt; 81.04 | 79p &lt; 79.95 
$INTC 50.5c &gt; 50.07 | 49p &lt; 49.31
$WBA 50c &gt; 49.80 | 49p &lt; 49.09
$ROKU 330c &gt; 327.04 | 315p &lt; 315.37

LIKE FAST FOR A SECRET PLAYüö®",49.83000183105469,50.06999969482422,49.310001373291016,49.40999984741211,47.1955680847168,43178800,INTC,Intel Corporation
2021-10-26,"AMD smashes earnings with $4.3B vs $4.1B guidance. 
Revenue goes from 99% YoY to 54% YoY, but FCF continues to soar
Q4 is guided $4.5B, 39% YoY growth. Deceleration likely due to supply constraints
Gross margins are at 48%, in 2022 AMD could have higher GM than Intel
$AMD $INTC https://t.co/94eHfU4zGK",49.400001525878906,49.439998626708984,47.93000030517578,48.279998779296875,46.11620330810547,68405400,INTC,Intel Corporation
2021-10-28,"#LOTTOFRIDAY IDEAS

Be Advised ‚Äî High Risk 0DTE

$MSFT 327.5c &gt; 324.86 | 320p &lt; 322.3
$NVDA 252.5c &gt; 249.5| 245p &lt; 245.25
$BAC 48.5c &gt; 48 | 47p &lt; 47.43
$INTC 49c &gt; 48.37| 47p &lt; 47.77

LIKE FOR EXTRA PICKSüíé",48.13999938964844,48.36000061035156,47.880001068115234,48.08000183105469,45.9251708984375,31317200,INTC,Intel Corporation
2021-10-29,"#LOTTOFRIDAY RESULTS

$MSFT 327.5c .21 to 4.14 (1872%)
$NVDA 252.5c .92 to 4.60 (400%)
$BAC Trigger Failed
$INTC 49c .02 to .33 (1550%)

PLS LIKE THIS IF I HELP YOU‚ù§Ô∏è https://t.co/aH0AiDir9J",48.099998474121094,49.279998779296875,47.91999816894531,49.0,46.80393981933594,42301000,INTC,Intel Corporation
2021-11-02,"What are the most discussed tickers on reddit this AM?

1. $TSLA
2. $GME
3. $SPY
4. $AMD
5. $AAPL
6. $MSFT
7. $PBIO
8. $AMC
9. $LCID
10. $INTC

Full list: https://t.co/EZ76Fz5BsT https://t.co/3FB1kIL50y",49.61000061035156,49.900001525878906,49.22999954223633,49.86000061035156,47.625396728515625,27193300,INTC,Intel Corporation
2021-11-05,Added more $INTC - $55 CALLS EXP. 11/12 @ $0.11 with no stop losses because this is a ‚ö†Ô∏èLOTTO PLAY - only put small amount you can afford to lose‚ö†Ô∏è,50.54999923706055,51.58000183105469,50.540000915527344,50.91999816894531,48.97612380981445,36816200,INTC,Intel Corporation
2021-11-05,"APPLE‚ÄôS ROAD MAP FOR MAC CHIPS SHOWS LIKELY ADVANTAGE OVER INTEL - THE INFORMATION
$AAPL $INTC",50.54999923706055,51.58000183105469,50.540000915527344,50.91999816894531,48.97612380981445,36816200,INTC,Intel Corporation
2021-11-08,"Bro chill $AAPL ain‚Äôt done, $WISH ain‚Äôt done, $PPSI can sell anytime idc, $INTC may add more 11/19‚Äôs for the lotto calls &amp;‚Äô yeah",51.459999084472656,51.9900016784668,51.060001373291016,51.54999923706055,49.582069396972656,31647800,INTC,Intel Corporation
2021-11-09,"11/9 Watchlist Flow üåä

$MSFT - 340c heavy hitters, main watch.

$BA - 230c BIG HITS, very OTM as well. üêÇ

$INTC - 52c and 52p both seeing action, could move both ways.

$BBBY - 25c tops the chart on an inside bar. üëÄüéØ

As always, @unusual_whales is the üêê. https://t.co/edm0qHFarX",51.540000915527344,51.77000045776367,50.77000045776367,51.20000076293945,49.24543762207031,22508400,INTC,Intel Corporation
2021-11-09,"11/9 Watchlist üîÆ

$MSFT 340c &gt; 337.65 | 322.5p &lt; 336.20
$BA 230c &gt; 223.35 | 217.5p &lt; 222
$INTC 52.5c &gt; 51.85 | 51p &lt; 51.30
$BBBY 25c &gt; 22.15 | 20p &lt; 20.85
$TTD 95c &gt; 89.75 | 85p &lt; 87.55",51.540000915527344,51.77000045776367,50.77000045776367,51.20000076293945,49.24543762207031,22508400,INTC,Intel Corporation
2021-11-12,"Floki Inu Will Be the Next Shiba Inu, Plain and Simple - article I wrote for @investorplace https://t.co/EwrCzgLZ9F #flokiinu $FLOKI $FLOK $SHIB $BTC #blockchain #bitcoin #cryptos #crypto $DOGE $SPY $QQQ $DIA $DJIA #stockmarket #investing #finance #stocks $AAPL $TSLA $AMZN $INTC",50.599998474121094,50.900001525878906,50.18000030517578,50.310001373291016,48.3894157409668,23884800,INTC,Intel Corporation
2021-11-12,"Dividend line up in my Robinhood account:

$INTC $WFC $ET $MAIN $PBCT $OHI $AAPL https://t.co/WwUKGo25KB",50.599998474121094,50.900001525878906,50.18000030517578,50.310001373291016,48.3894157409668,23884800,INTC,Intel Corporation
2021-11-15,Heavyweight Champion Tyson Fury Now Fights For Floki Inu's War On Dogecoin https://t.co/5Onnhvnm75 #flokiinu $FLOKI $FLOK $SHIB $BTC #blockchain #bitcoin #cryptos #crypto $DOGE $SPY $QQQ $DIA $DJIA #stockmarket #investing #finance #stocks $AAPL $TSLA $AMZN $INTC,50.40999984741211,50.630001068115234,50.119998931884766,50.31999969482422,48.39902877807617,24695800,INTC,Intel Corporation
2021-11-22,"11/22 Options Results

$FSR 22c .95 to 1.27 (33%)
$INTC 50c .37 to 1.02 (175%)
$RBLX 130p 4.30 to 13.70 (218%)
$AMD 160c 2.10 to 4.25 (102%)
$NIO Gapped up, No retest.

Like Fast for Tomorrow‚Äôs Picksüí£ https://t.co/a4jymzkaql",49.54999923706055,50.849998474121094,49.40999984741211,49.83000183105469,47.927738189697266,33389600,INTC,Intel Corporation
2021-11-22,"11/22 Options Watchlist

$FSR 22c &gt; 21.85 | 20.5p &lt; 20.70
$NIO 40c &gt; 39.10 | 38p &lt; 38.00
$INTC 50c &gt; 49.73 | 49p &lt; 49.24
$RBLX 140c &gt; 137.41 | 130p &lt; 131.33
$AMD 160c &gt; 156.92 | 150p &lt; 153.44

199 likes for swing ideas! üéÅ",49.54999923706055,50.849998474121094,49.40999984741211,49.83000183105469,47.927738189697266,33389600,INTC,Intel Corporation
2021-11-30,$AMZN says its new chips will compete with $NVDA and $INTC,49.5,50.400001525878906,48.68000030517578,49.20000076293945,47.321781158447266,49460800,INTC,Intel Corporation
2021-12-02,"12/2 Watchlist üåä

$SQ: Some bought the dip, but lots of puts. Sitting on strong support.

$QCOM: Great short setup, but lots of action on 180c-190c

$INTC: Next week 52.5c with big action, weeklies hit too.

$PLUG: Make-or-break. Lots of flow both ways!

Credit: @unusual_whales https://t.co/J4puaRJure",48.61000061035156,49.790000915527344,48.33000183105469,49.5,47.61033248901367,37240800,INTC,Intel Corporation
2021-12-02,"12/2 Watchlist üéÑ

$SQ 202.5c &gt; 196.75 | 187.5p &lt; 192.25
$QCOM 180c &gt; 177.10 | 170p &lt; 174
$INTC 49c &gt; 48.85 | 48p &lt; 48.35
$PLUG 38c &gt; 37.35 | 35p &lt; 36
$RIOT 38c &gt; 36.65 | 33p &lt; 34.70",48.61000061035156,49.790000915527344,48.33000183105469,49.5,47.61033248901367,37240800,INTC,Intel Corporation
2021-12-06,"12/7 Watchlist üåä

$TWTR: Can't ignore the weekly 48c action &amp; 12/17 50c üî®

$DIS: Lots going on here, big move either way. 155c bounce, 145p fail.

$INTC: I don't think it's done. Watching 52c if green.

$RIOT: 30c big vol, even 31c. 25p for downside

Credit: @unusual_whales https://t.co/YHPZRyx5vv",49.47999954223633,51.209999084472656,49.18000030517578,50.9900016784668,49.04344940185547,40336000,INTC,Intel Corporation
2021-12-06,"12/7 Watchlist üîÆ

$TWTR 46c &gt; 45.00 | 43p &lt; 43.90
$DIS 155c &gt; 151.50 | 145p &lt; 149.50
$INTC 52c &gt; 51.20 | 50p &lt; 50.75
$RIOT 31c &gt; 29.10 | 26p &lt; 27.20
$LI 32c &gt; 31.05 | 28p &lt; 29.80",49.47999954223633,51.209999084472656,49.18000030517578,50.9900016784668,49.04344940185547,40336000,INTC,Intel Corporation
2021-12-06,"Possible Results from TriggerüèÜ

$PFE 52.5c: .84 ‚û°Ô∏è 1.88 ‚úÖ 123%

$V 202.5c: 1.60 ‚û°Ô∏è 4.00 ‚úÖ 150%
(call trig retest)

$INTC 50.5c: .50‚û°Ô∏è 1.10 ‚úÖ 120%

$WMT 140c: .64 ‚û°Ô∏è .95 ‚úÖ 48%
(call trig retest)

$NIO üö´ (good for a couple scalps) https://t.co/L1nVNuZWb7",49.47999954223633,51.209999084472656,49.18000030517578,50.9900016784668,49.04344940185547,40336000,INTC,Intel Corporation
2021-12-06,"$INTC

Mentioned this on Spaces with @YourBoyMilt. The flow could not be ignored.

1: Triggers

2: Flow from Friday showed plenty of OTM action, especially 50c.

3: Today action, 51-52.5 continual action. 

$INTC didn't stop all day. @unusual_whales helped me catch it. üß≤ https://t.co/a8iwoDMOxA",49.47999954223633,51.209999084472656,49.18000030517578,50.9900016784668,49.04344940185547,40336000,INTC,Intel Corporation
2021-12-06,"TSMC founder Morris Chang said he doubts Intel CEO Pat Gelsinger can restore Intel to its former glory, media report. Intel's mandatory retirement age is 65-years old, and as Gelsinger is already 60, Chang does not believe he has enough time. $INTC $TSM #semiconductor",49.47999954223633,51.209999084472656,49.18000030517578,50.9900016784668,49.04344940185547,40336000,INTC,Intel Corporation
2021-12-07,"Data creation is growing exponentially with a noticeable uptick starting in 2023. By 2025, there will be 44x more data created than in 2003. This will drive demand for storage/memory.

$WDC $INTC $MU $TSM $SSNLF https://t.co/Fcjsgrr8px",54.65999984741211,55.0,52.209999084472656,52.56999969482422,50.563133239746094,91731500,INTC,Intel Corporation
2021-12-07,"*INTEL PLANS TO LAUNCH $50B IPO OF ITS MOBILEYE SELF-DRIVING-CAR UNIT IN 2022

$INTC +8% https://t.co/pYNNxjbmJN",54.65999984741211,55.0,52.209999084472656,52.56999969482422,50.563133239746094,91731500,INTC,Intel Corporation
2021-12-07,"Good morning TRADERS üëçüí•

Glad to be back and share my #stickynote with you üíØ

$INTC with big news, let's see if it holds highs, $LCID $TSLA bothbon watch, while both $SOFI and $HUT are too low hereüòé

$AMD should test FRIDAY close as the market looks readyüìà
#stocks #Traders https://t.co/Wz7d5yoLZ3",54.65999984741211,55.0,52.209999084472656,52.56999969482422,50.563133239746094,91731500,INTC,Intel Corporation
2021-12-07,"Update: Equities surging this morning (SPX +1.3%, NDX +1.7%, Europe +2.0%) as investors add back risk with omicron risks subsiding, MS $AAPL upgrade, and $INTC Mobileye IPO plans. TSLA +3.7% pre-mkt appropriate  with 2.0x beta, and likely strong Nov China vols (55K-60K) tonight.",54.65999984741211,55.0,52.209999084472656,52.56999969482422,50.563133239746094,91731500,INTC,Intel Corporation
2021-12-07,"If I had a dollar for every time I said ""can't ignore the $INTC flow"" yesterday and today.

Been on my WL both days. Somebody ALWAYS knows something. https://t.co/8VEwEHWJ7R",54.65999984741211,55.0,52.209999084472656,52.56999969482422,50.563133239746094,91731500,INTC,Intel Corporation
2021-12-07,"JUST IN:

$INTC to list public shares of Mobileye, a self-driving car unit.",54.65999984741211,55.0,52.209999084472656,52.56999969482422,50.563133239746094,91731500,INTC,Intel Corporation
2021-12-08,"If something is ever on my list 2 days in a row take note. Last 2 were:

$INTC
$TWTR

Both absolute bangers. I have no problem playing something 2 days in row.",52.56999969482422,52.880001068115234,51.380001068115234,51.75,49.774436950683594,37143400,INTC,Intel Corporation
2021-12-15,"Intel-TSMC Rumors: Intel's CEO asked TSMC to provide 7/6nm, 5/4nm and 3nm manufacturing for Intel chips, including dedicated 3nm production lines for Intel CPUs and GPUs, media report. TSMC wants front payments for Intel-only 3nm production lines.
1/2 $INTC $TSM #semiconductors",49.869998931884766,50.779998779296875,49.33000183105469,50.66999816894531,48.73566436767578,32590300,INTC,Intel Corporation
2021-12-22,"TSMC, the drug dealer, is trying to make an addicted junkie out of Intel
Wafer supply agreement insights including prepayment terms/capacity agreements for AMD, Apple, Broadcom, Intel, MediaTek, Nvidia, and Qualcomm
$INTC $TSM $AMD $AAPL $AVGO $NVDA $QCOM
https://t.co/8803sN8S6R",50.63999938964844,51.02000045776367,50.209999084472656,50.970001220703125,49.02421188354492,23307900,INTC,Intel Corporation
2021-12-22,@unusual_whales PUTS ON $INTC,50.63999938964844,51.02000045776367,50.209999084472656,50.970001220703125,49.02421188354492,23307900,INTC,Intel Corporation
2021-12-28,$INTC is going to be buying a lot of assembly and test equipment over the next few years. $TER $KLIC $COHU $ATEYY $BESIY https://t.co/Np344vaIuL,51.93000030517578,52.119998931884766,51.630001068115234,51.7599983215332,49.784061431884766,19290400,INTC,Intel Corporation
2022-01-04,"1/4 Watchlist üîÆ

$BAC 47c &gt; 46.38 | 45.5p &lt; 45.95
$PYPL 197.5c &gt; 196 | 192.5p &lt; 193.85
$INTC 54c &gt; 53.50 | 52.5p &lt; 52.95
$XPEV 53c &gt; 51.00 | 48p &lt; 49.60
$TSM 131c &gt; 129.60 | 127p &lt; 128.10",53.56999969482422,53.939998626708984,52.650001525878906,53.13999938964844,51.11137390136719,45681400,INTC,Intel Corporation
2022-01-05,"My top 10 ideas for the next 5 years:

1. $TSLA
2. $SQ
3. $TDOC
4. $NVTA
5. $BYND
6. $ENPH
7. $ABBV
8. $SMLR
9. $INTC
10. $SPOT

Expected portfolio IRR: 25% per annum, based on valuations today and very modest capital allocation and ROIC targets.

This is 95% of my net worth.",54.189998626708984,56.16999816894531,53.83000183105469,53.869998931884766,51.813507080078125,59109300,INTC,Intel Corporation
2022-01-05,"1/5/22 Eve Watchlist ü§ë

$BABA 118p &lt; $120.95
$INTC 52.5c &gt;  $53.20
$AFRM 95c &gt; $84.60
$WFC 52.5c &gt; $52.4
$PINS 34p &lt; $33.35

Caution wide spreads. When trading no, set a low bid. No fill? Np. I wont chase ask

Flow via @unusual_whales
Will revisit in AM. #optionstrading #stocks https://t.co/IdcupHZOva",54.189998626708984,56.16999816894531,53.83000183105469,53.869998931884766,51.813507080078125,59109300,INTC,Intel Corporation
2022-01-06,"Advanced Packaging Part 2
Review of options/use from Intel, TSMC, Samsung, AMD, ASE, Sony, SKHynix, YMTC and Nvidia
CoWoS-L/S/R, EMIB, FOEB, FOSiP, Foveros Omni Foveros Direct, InFO-OS/LSI/SoIS/SOW, SoIC, X-Cube, XStacking
$INTC $TSM $ASX $SSNLF $AMD $NVDA
https://t.co/XwUcxhPvPd",54.61000061035156,54.66999816894531,53.41999816894531,54.0099983215332,51.94816207885742,35757900,INTC,Intel Corporation
2022-01-06,"Jeff Wilcox, Apple's Director of Mac System Architecture has left @Apple after 8 years and leading the Apple Silicon transition for Mac's.
Jeff Wilcox is returning to @intel as leader of the Client SoC Architecture as CTO of Design Engineering Group.
$INTC $AAPL
h/t @stock_vader https://t.co/w7AMvapYrm",54.61000061035156,54.66999816894531,53.41999816894531,54.0099983215332,51.94816207885742,35757900,INTC,Intel Corporation
2022-01-10,"1/11 Watchlist:

$AFRM over 80.1 | under 76.25
$RBLX over 87.1 | under 83.7
$MSFT over 316 | under 312.3

Small Accounts:
$INTC over 55.55 | under 54.85
$PLTR over 16.75 | under 16.25
$DKNG over 26.7 | under 25.75

Flow below, cred @unusual_whales",53.970001220703125,55.310001373291016,53.310001373291016,55.209999084472656,53.10234832763672,49260800,INTC,Intel Corporation
2022-01-10,"$2k Compounding Challenge

Took one trade on $INTC today. I bought 10 contracts at $0.89 and sold at $1.00 for $110 profit. Started with $2000 and currently at $2611 https://t.co/0HRsf7B5eU",53.970001220703125,55.310001373291016,53.310001373291016,55.209999084472656,53.10234832763672,49260800,INTC,Intel Corporation
2022-01-12,$INTC $AMD Lower as Microsoft $MSFT Hires Apple Engineer to Design Own Server Chips,56.13999938964844,56.279998779296875,54.810001373291016,55.7400016784668,53.61212158203125,29136800,INTC,Intel Corporation
2022-01-12,"Good Morning Traders üí™üí•

PLS RE-TWEET üôå

Hard to make this list before CPI but we will try.  

Loving $AAPL on notes from $GS, also $INTC breaking above $56 should be a LONG üöÄüòé

Waiting for a better place to SHORT $LCID and LOVE the $F 23.50 support ü§ëüí™ $AMC

#stickynote https://t.co/VQfNT4bKu2",56.13999938964844,56.279998779296875,54.810001373291016,55.7400016784668,53.61212158203125,29136800,INTC,Intel Corporation
2022-01-12,"1/12/2022 Watchlist ü§ë

$DASH 150C &gt; $145
$LCID 46c &gt; $44.50 
$IBM 132p &lt; $133.95
$INTC 55c &gt; $55.60

Obey your stops. We're getting BIG wins. Why let any bad trade run you down? Stay disciplined!

#optionstrading #optiontrades #stockstowatch
See pt 2 for multiple directionals! https://t.co/xljupgLsKz",56.13999938964844,56.279998779296875,54.810001373291016,55.7400016784668,53.61212158203125,29136800,INTC,Intel Corporation
2022-01-13,$TSM will produce 3nm chips for $INTC at a new factory in Northern Taiwan,56.0,56.209999084472656,54.77000045776367,54.939998626708984,52.84265899658203,29605400,INTC,Intel Corporation
2022-01-19,"*INTEL CEO GELSINGER INTENDS TO COMPETE AGAINST NVIDIA IN GPUS
$INTC $NVDA",54.630001068115234,54.849998474121094,53.560001373291016,53.619998931884766,51.57305145263672,30595100,INTC,Intel Corporation
2022-01-21,Hard to overstate what a big deal it is that Intel will build a $20 billion complex to make semiconductor chips in Ohio; U.S. only produces 12% of the world's chips now - semiconductors are absolutely essential to national/economic security $INTC,52.08000183105469,53.130001068115234,51.95000076293945,52.040000915527344,50.053367614746094,46372400,INTC,Intel Corporation
2022-01-21,"I spoke with @intel CEO @PGelsinger this morning about the $INTC $20B chip fab commitment in Ohio. Site is within a 3-hour drive of 5 other states. Follow-on economic impact of such a site is huge for the Midwest. @SquawkCNBC 
 https://t.co/bAsjSeEAf6",52.08000183105469,53.130001068115234,51.95000076293945,52.040000915527344,50.053367614746094,46372400,INTC,Intel Corporation
2022-01-24,$INTC expected to announce #Bitcoin purpose built chip next month,51.47999954223633,52.130001068115234,49.880001068115234,51.939998626708984,49.95718765258789,64198400,INTC,Intel Corporation
2022-01-25,"One of the busiest weeks of Q4 earnings season is here, with close to 20% of the Nasdaq-100 reporting this week. Below is a preview of the most notable companies set to report:

$MSFT $TSLA $AAPL $NOW $INTC https://t.co/YQhTbWjptg",51.0099983215332,51.619998931884766,50.25,51.0,49.053070068359375,44095400,INTC,Intel Corporation
2022-01-25,"You can find dividend stocks in many different sectorsüí∞

Techüí∞
$AVGO
$TXN
$MSFT
$INTC

Industrialsüí∞
$CAT
$HON
$LHX
$MMM

Retailüí∞
$WMT
$TGT
$COST
$HD

Healthcareüí∞
$PFE
$JNJ
$MRK
$ABBV

Real Estate
$O
$PLD
$STAG
$MAIN",51.0099983215332,51.619998931884766,50.25,51.0,49.053070068359375,44095400,INTC,Intel Corporation
2022-01-26,"üîî $TSLA üöó beats 2021 Q4 earnings, while $INTC üë®‚Äçüíª has a mixed bag",51.130001068115234,52.720001220703125,50.75,51.689998626708984,49.71672439575195,54895400,INTC,Intel Corporation
2022-01-26,"Good morning TRADERS üí•üëç

PLS RE-TWEET #stickynote ü§ë

$MSFT after market we saw $270, amazing. Great Q, now above $300 support $298

$INTC $AMD should rock today with an up market, $DKNG upgrade by $MS, I like itüíØüòé

$TSLA interesting, but $RIVN I still look short. $AMC $15.50 https://t.co/IDXj5lKuEd",51.130001068115234,52.720001220703125,50.75,51.689998626708984,49.71672439575195,54895400,INTC,Intel Corporation
2022-01-27,"üìü Stock-on-a-Pageüìü

I just bought some additional shares of $INTC @ 48.40

The multi-year/billions of CAPEX required to build the Fabs have been taken into account in the fair value calculation.

What do you think about the stock?

#Intel #Stock #Undervalued #StockMarket https://t.co/0O5wsEGLvL",49.97999954223633,50.060001373291016,47.779998779296875,48.04999923706055,46.2156867980957,89642800,INTC,Intel Corporation
2022-01-27,"Good morning TRADERS üí•üëç

PLS RE-TWEET (more üëÄ the better) #stickynote

$NFLX her some @BillAckman love today ü§ë while $INTC and $AMD both at key levels‚úÖ

Would rather trade $RIVN and $F over $TSLA and let's not forget about $AMC at the $15.50 level.üò¨

#trading #stocks https://t.co/53cyyr9FPI",49.97999954223633,50.060001373291016,47.779998779296875,48.04999923706055,46.2156867980957,89642800,INTC,Intel Corporation
2022-01-27,"#Intel hikes dividend by exactly 5 percent, matching the increase in the previous three years. $INTC",49.97999954223633,50.060001373291016,47.779998779296875,48.04999923706055,46.2156867980957,89642800,INTC,Intel Corporation
2022-01-28,Bought 1 Share of $MMM at $162.28 and 2 Shares of $INTC at $46.82,47.709999084472656,48.20000076293945,46.29999923706055,47.72999954223633,45.90790557861328,61945400,INTC,Intel Corporation
2022-02-01,"AMD crushes earnings yet again
+31% YoY guide for 2022 at $21.5B at 51% gross margin, which could be higher than Intel in in 2022
The Q1 guide is $5B, so traditional seasonality is nonexistent in full year guide, definite sandbag, or not enough wafer supply secured
$AMD $INTC https://t.co/DvqeQL8J1P",48.779998779296875,49.029998779296875,48.36000061035156,48.95000076293945,47.081329345703125,35386100,INTC,Intel Corporation
2022-02-01,"China to launch platform with Tsinghua for forced IP transfers from Intel, AMD, Infineon, ASML as ""targets""
Either you transfer IP or they limit your market access
Companies will probably go along, and Western Govts will do nothing
$ASML $INTC $AMD $IFNNY
https://t.co/3duMK5lq6U",48.779998779296875,49.029998779296875,48.36000061035156,48.95000076293945,47.081329345703125,35386100,INTC,Intel Corporation
2022-02-03,"Intel hired ~10,500 employees in 2021
Intel started the year at ~110,600 employees and now they are at ~121,100 
For reference, at the start of 2021, AMD had ~12,600 employees and TSMC had exactly 56,831. 
$INTC $TSM $AMD",49.25,49.689998626708984,48.25,48.279998779296875,46.43690490722656,42145800,INTC,Intel Corporation
2022-02-14,"Intel is looking to buy Tower Semi. Very interesting deal that gives Intel share and capabilities within the specialty semiconductor realm!
Tower Semi has a 150mm fab, 3 200mm fabs, and a 300mm fab
Mixed signal, MEMS, RF, analog
$INTC $UMC $TSM $GFS $TSEM
https://t.co/INEulnPiEK",47.91999816894531,48.18000030517578,47.11000061035156,47.58000183105469,46.11224365234375,28456900,INTC,Intel Corporation
2022-02-14,$INTC says their crypto mining chip will be 1000 times faster than competitors,47.91999816894531,48.18000030517578,47.11000061035156,47.58000183105469,46.11224365234375,28456900,INTC,Intel Corporation
2022-02-17,"Here's $INTC @Intel CEO Pat Gelsinger @PGelsinger holding up an 18A wafer of SRAM.

This is a 'pipecleaner chip' designed to help optimize the process - GAA/RibbonFETs, PowerVias. 

Pat calls this his 'Simba' moment. https://t.co/jywOvOb23r",47.86000061035156,48.2599983215332,47.380001068115234,47.56999969482422,46.1025505065918,32030600,INTC,Intel Corporation
2022-02-18,"AMD Sr. fellow Rohit Verma, Lead SoC Architect for Radeon Discrete GPUs, has been poached to be Lead Product Architect for Intel Accelerated Computing Group
""The brain drain, well that‚Äôs changed. We now have brains coming back"" Pat Gelsinger
@PGelsinger @Rajaontheedge 
$INTC $AMD https://t.co/KllXeWMHh1",46.189998626708984,46.209999084472656,44.5099983215332,45.040000915527344,43.650596618652344,76520100,INTC,Intel Corporation
2022-02-18,"On the back of $INTC @Intel's Investor Meeting yesterday, @IanCutress sat down with Dr. Ann Kelleher, EVP and GM of Intel's Technology Development, to find out how Intel will execute, what the company learned from 10nm, and why components research matters

https://t.co/eKW6WAxhMx https://t.co/5U6QtRWzFw",46.189998626708984,46.209999084472656,44.5099983215332,45.040000915527344,43.650596618652344,76520100,INTC,Intel Corporation
2022-02-18,"Intel Is Throwing The Kitchen Sink, But Is The Turn Around Plan Reasonable?
Deep dive on Tower Semiconductor Fabs/IP
Intel Culture Shift
Future Product And Roadmap Competitiveness By Business Unit
$INTC $TSM $TSEM $NVDA $AMD $MRVL $AMAT $ASML $LRCX $KLA
https://t.co/VxIUqzJsON",46.189998626708984,46.209999084472656,44.5099983215332,45.040000915527344,43.650596618652344,76520100,INTC,Intel Corporation
2022-02-18,"By the way, it's finally official.
Intel's margin guidance is lower than TSMC, AMD, Nvidia and Broadcom!
Pretty amazing that AMD can design a CPU, TSMC can fab it, and both individually have higher margin than Intel who does it all.
$INTC $TSM $AMD $NVDA $AVGO https://t.co/kHRW7bAxGI",46.189998626708984,46.209999084472656,44.5099983215332,45.040000915527344,43.650596618652344,76520100,INTC,Intel Corporation
2022-02-22,"*AMD REACHES $188 BILLION IN MARKET VALUE, SURPASSING INTEL FOR THE FIRST TIME IN HISTORY 

$AMD $INTC https://t.co/Q0JH8V0l8u",44.689998626708984,45.40999984741211,43.849998474121094,44.689998626708984,43.3113899230957,57093300,INTC,Intel Corporation
2022-02-22,Bought 7 Shares of $INTC at $44.52,44.689998626708984,45.40999984741211,43.849998474121094,44.689998626708984,43.3113899230957,57093300,INTC,Intel Corporation
2022-02-23,$AMD now has a larger market cap than Intel $INTC https://t.co/9SSdDRtHK0,45.16999816894531,45.709999084472656,44.54999923706055,44.650001525878906,43.27262878417969,38176700,INTC,Intel Corporation
2022-02-23,"Good morning TRADERS üí•üëç

Thanks for checking the #stickynote again today, old RE-TWEET ‚úÖüëÄ

semi's look strong with an up market, I'm liking $INTC on the daily üìà

$TDOC $PLTR for @CathieDWood stocks, and both $FB and $MSFT at key levels ü§ëüíØ

$AMC could run todayüëÄ

#stocks https://t.co/bSfWXGg3jD",45.16999816894531,45.709999084472656,44.54999923706055,44.650001525878906,43.27262878417969,38176700,INTC,Intel Corporation
2022-02-23,"Limit buys set for my portfolio:

$TSLA: now &lt;$830
$TDOC: now &lt;$65
$NVTA $7.50
$ENPH: $120
$LMND (initial position): $20, more at $15
$BYND $30
$OTLY $5
$OMCL $95
$SPOT: $135
$SQ: now, &lt;$100
$SHAK: now
$CRSP: now
$SMLR: now, &lt;$75
$Z: now
$INTC: now
$SFM: now
$ABBV: now
$CBRE: now",45.16999816894531,45.709999084472656,44.54999923706055,44.650001525878906,43.27262878417969,38176700,INTC,Intel Corporation
2022-02-24,"Bought 1 Share of $MSFT at $272.60, 2 Shares of $INTC at $43.86, and 2 Shares of $WBA at $44.24",43.900001525878906,46.790000915527344,43.630001068115234,46.720001220703125,45.27877426147461,72740100,INTC,Intel Corporation
2022-03-01,"A quick chart highlighting a regime change underway. What will this chart look like in five years?

$AMD $NVDA $INTC https://t.co/WKAGOX61uZ",47.540000915527344,47.900001525878906,46.220001220703125,46.81999969482422,45.37568664550781,53853000,INTC,Intel Corporation
2022-03-02,"Interaction incredibly low. ü§¨
I don‚Äôt see anyone else keeping u one step ahead of market rotating. 

$CAT $NKE 
&amp; $INTC up nicely from buy spots https://t.co/BT3DmJoHRI",47.52000045776367,48.9900016784668,47.47999954223633,48.869998931884766,47.36244583129883,46936500,INTC,Intel Corporation
2022-03-08,114bn transistors in your next MacBook. Who would have ever imagined that 40 years ago? Even 20 years ago. How big and pervasive will AI training clusters be in 20 or 40 years? $NVDA $TSMC $INTC $AMD,47.689998626708984,48.720001220703125,46.88999938964844,47.5,46.034706115722656,44813900,INTC,Intel Corporation
2022-03-10,"Lotto Friday Triggers üéØ

üá∫üá∏ $SPY 430c &gt; 427 | 415p &lt; 423
üíæ $INTC 47c &gt; 46.78 | 46p &lt; 46.48
üöó $TSLA 860c &gt; 841 | 810p &lt; 829
üî≥ $SQ 120c &gt; 110 | 95p &lt; 104
üëæ $AMD 110c &gt; 107 | 103p &lt; 105
üïπÔ∏è $NVDA 240c &gt; 229 | 220p &lt; 225

300 ‚ù§Ô∏è to Unlock #LottoFriday Picks on Twitter https://t.co/ezfvYfcxLY",47.290000915527344,47.310001373291016,46.15999984741211,46.65999984741211,45.22062301635742,36456000,INTC,Intel Corporation
2022-03-15,"So Intel all of a sudden has a spare $19b to build a factory in Germany yet they need the US taxpayer to pay $52b to build their factories in the US?
$INTC
https://t.co/HomgKuwQx3",44.5,44.900001525878906,44.06999969482422,44.810001373291016,43.42768859863281,34448900,INTC,Intel Corporation
2022-03-15,"Most important chart for stocks right now. What is TSMC telling us?

As a side, $INTC has almost $ 90 bn pencilled for new European capacity, heavily subsidized by the age of European anti-frugality https://t.co/g4RdnRicdS",44.5,44.900001525878906,44.06999969482422,44.810001373291016,43.42768859863281,34448900,INTC,Intel Corporation
2022-03-15,"*Intel Announces Initial Investment of More Than EUR33B for Semiconductor R&amp;D and Manufacturing in EU
$INTC",44.5,44.900001525878906,44.06999969482422,44.810001373291016,43.42768859863281,34448900,INTC,Intel Corporation
2022-03-16,"*INTEL IN TALKS FOR $5.5 BILLION IN GERMAN SUBSIDIES FOR FACTORY
$INTC",45.29999923706055,46.630001068115234,45.27000045776367,46.630001068115234,45.19154357910156,38885500,INTC,Intel Corporation
2022-03-17,"You can find dividend stocks in many different sectorsüí∞

Techüí∞
$AVGO
$TXN
$MSFT
$INTC

Industrialsüí∞
$CAT
$HON
$LHX
$MMM

Retailüí∞
$WMT
$TGT
$COST
$HD

Healthcareüí∞
$PFE
$JNJ
$MRK
$ABBV

Real Estateüí∞
$O
$PLD
$STAG
$MAIN",46.31999969482422,47.290000915527344,45.72999954223633,47.13999938964844,45.685813903808594,28555000,INTC,Intel Corporation
2022-03-18,"In the stock market, there are plenty of stocks that are a good buy under a certain price.

They hit the price somewhat regularly, so it's easy to load up and build positions in these companies. 

Some examples:
$AMZN Amazon under $3,000
$V Visa under $200
$INTC Intel under $45",46.81999969482422,47.599998474121094,46.349998474121094,47.45000076293945,45.98625564575195,46237100,INTC,Intel Corporation
2022-03-23,$NVDA $INTC Nvidia CEO says interested in exploring chip manufacturing with Intel - Reuters,48.459999084472656,49.58000183105469,48.060001373291016,48.27000045776367,46.78095626831055,37126400,INTC,Intel Corporation
2022-03-24,"Big day in the semis world ‚öôÔ∏èüü¢ 

$NVDA $INTC $AMD $AMAT https://t.co/M4PsA3iilk",48.65999984741211,51.650001525878906,48.59000015258789,51.619998931884766,50.02761459350586,51677900,INTC,Intel Corporation
2022-03-25,"Here's the intro of today's #MarketOutlook video from 
@MarketScholars 

Watch the full video for free here:

https://t.co/fKUImrzuBt

Mentioned: $SPY $SPX $QQQ $IWM $RUT $UUP $TNX $TLT $EEM $EFA $USO $GLD $CVX $XOM $TSLA $AAPL $FB $VIX $BTC $GGG $GBTC $CTVA $NVDA $INTC $TXN $BBY https://t.co/c4sgI3laGB",50.689998626708984,51.97999954223633,50.45000076293945,51.83000183105469,50.23113632202149,33239800,INTC,Intel Corporation
2022-03-29,US Senate approves US$52 billion chips bill in bid to reach compromise $INTC $MU $AMAT $NVDA $AMD,52.0,52.290000915527344,51.279998779296875,52.25,50.638179779052734,27303700,INTC,Intel Corporation
2022-04-06,Intel has suspended its business operations in Russia. It is the latest company to leave the country following Russia‚Äôs invasion of Ukraine https://t.co/floGuDTm9c $INTC https://t.co/QqWSZwucpM,47.439998626708984,48.16999816894531,47.2400016784668,47.540000915527344,46.0734748840332,31518700,INTC,Intel Corporation
2022-04-06,"Good morning TRADERS üí•üëç

Thanks for checking out the daily #stickynote ü§ëüí™üëÄ

$RIVN affirms numbers but I'm still looking SHORT, $45 needs to break to change my mind.üìà

$TLRY nice EPS beat, if it takes the high, I'm in (pun intended) üíö

$AMD $INTC weak, $OXY with up $OIL üõ¢Ô∏è https://t.co/1N0AK1uvI6",47.439998626708984,48.16999816894531,47.2400016784668,47.540000915527344,46.0734748840332,31518700,INTC,Intel Corporation
2022-04-06,"U.S. chipmaker Intel said it has suspended business operations in Russia, joining a slew of companies to exit the country following its invasion of Ukraine https://t.co/floGuEaX0K $INTC https://t.co/GCOKoX92mZ",47.439998626708984,48.16999816894531,47.2400016784668,47.540000915527344,46.0734748840332,31518700,INTC,Intel Corporation
2022-04-07,"Bought 1 share of $DIS at $130.73, 3 shares of $INTC at $47.14, and 2 shares of $WBA at $43.82",47.43000030517578,47.90999984741211,46.77000045776367,47.560001373291016,46.09286117553711,24117000,INTC,Intel Corporation
2022-04-08,Bought 6 Shares of $INTC at $47.30,47.279998779296875,47.58000183105469,46.849998474121094,47.02000045776367,45.56951522827149,22167300,INTC,Intel Corporation
2022-04-08,"Some dividend stocks in the information technology sectorüí∞

$TXN Texas Instruments
$CSCO Cisco 
$AAPL Apple
$IBM Int. Business Machines
$MSFT Microsoft 
$INTC Intel 
$ORCL Oracle
$QCOM Qualcomm
$MA Mastercard
$V Visa

Are you holding any of these?",47.279998779296875,47.58000183105469,46.849998474121094,47.02000045776367,45.56951522827149,22167300,INTC,Intel Corporation
2022-04-11,"Bought 1 share of $MSFT at $287.82, 4 shares of $INTC at $46.54, 1 share of $TROW at $145.39, and 1 share of $DIS at $130.43",46.900001525878906,47.29999923706055,46.529998779296875,46.56999969482422,45.133399963378906,30352500,INTC,Intel Corporation
2022-04-11,"INTEL ANNOUNCES LATEST FACTORY EXPANSION WITH THE GRAND OPENING OF OREGON D1X-MOD 3
$INTC",46.900001525878906,47.29999923706055,46.529998779296875,46.56999969482422,45.133399963378906,30352500,INTC,Intel Corporation
2022-04-12,Bought 1 share of $DIS at $130.43 and 4 shares of $INTC at $46.54,47.31999969482422,47.90999984741211,46.40999984741211,46.5,45.06555938720703,29861400,INTC,Intel Corporation
2022-04-14,Bought 8 shares of $INTC at an average cost of $45.89 and 1 share of $TROW at $140.39,46.75,46.75,45.619998931884766,45.66999816894531,44.26115798950195,36181800,INTC,Intel Corporation
2022-04-22,"Next week will be big..

APPLE, MICROSOFT, TWITTER, FACEBOOK, AMAZON 

Earnings:
April 26- $MSFT, $GM
April 27- $BA, $FB, $QCOM
April 28- $AAPL , $AMZN , $INTC, $TWTR
April 29- $ABBV , $HON",47.45000076293945,47.650001525878906,46.5,46.540000915527344,45.10432434082031,28219900,INTC,Intel Corporation
2022-04-25,"This week is PACKED ü§Ø

$GOOG $V $MSFT $CSGP $META $SPOT $PYPL $PINS $TDOC $AMZN $AAPL $EVO $ROKU $MA $INTC $ROKU $HOOD https://t.co/FAAilXtl4f",46.209999084472656,47.13999938964844,46.18000030517578,47.060001373291016,45.60828399658203,35999300,INTC,Intel Corporation
2022-04-25,"MAJOR WEEK FOR EARNINGS HIGHLIGHTED THE ONES I AM WATCHING. 

$TWTR $AMZN $MSFT $GOOGL $TSM $AAPL $INTC $PYPL $BA $WM $CAT $MMM $KO $SPOT $TDOC $F $PINS $QCOM $ROKU $HOOD $MA $MCD $XOM https://t.co/1X0cGJaY2J",46.209999084472656,47.13999938964844,46.18000030517578,47.060001373291016,45.60828399658203,35999300,INTC,Intel Corporation
2022-04-27,Bought 4 shares of $INTC at $45.12 and 1 share of $DIS at $115,45.47999954223633,46.060001373291016,45.0099983215332,45.220001220703125,43.825042724609375,28320900,INTC,Intel Corporation
2022-04-28,$INTC CEO says semiconductor shortage will last until 2024,45.790000915527344,47.27000045776367,45.540000915527344,46.84000015258789,45.39507293701172,41097000,INTC,Intel Corporation
2022-04-28,EARNINGS: Intel Q1 EPS $0.87 Adj. vs. $0.81 Est.; Q1 Revs. $18.35B vs. $18.31B Est. ‚Ä¢ $INTC https://t.co/DyneXDAzB0 https://t.co/gYWAyZHVV2,45.790000915527344,47.27000045776367,45.540000915527344,46.84000015258789,45.39507293701172,41097000,INTC,Intel Corporation
2022-04-28,"A lot of earnings after market.

Their implied moves:

$AAPL +/- 5.2%
$AMZN +/- 6.2%
$FSLR +/- 7.2%
$GILD +/- 3.4%
$HOOD +/- 11.6%
$INTC +/- 6.3%
$ROKU +/- 15.8%
$TEAM +/- 10.0%
$WDC +/- 7.1%

https://t.co/lNGVHenXDO",45.790000915527344,47.27000045776367,45.540000915527344,46.84000015258789,45.39507293701172,41097000,INTC,Intel Corporation
2022-04-28,"Earnings tomorrow:

$AAPL Apple
$TWTR Twitter
$AMZN Amazon 
$ROKU Roku 
$MA Mastercard 
$MCD McDonalds 
$INTC Intel 
$HOOD Robinhood",45.790000915527344,47.27000045776367,45.540000915527344,46.84000015258789,45.39507293701172,41097000,INTC,Intel Corporation
2022-04-29,"Bought 8 shares of $INTC at $44.31, 1 share of $TROW at $124.78, and 2 shares of $WBA at $43.24",44.9900016784668,45.36000061035156,43.5,43.59000015258789,42.245323181152344,70765900,INTC,Intel Corporation
2022-04-29,"Market Recap:
https://t.co/zml5dxC0q0
The economy is starting to crack + GDP is down + Elon Musk dumps $4 Billion of Tesla shares, more dumping coming? + Earnings Reviews $MCD $CAT $HSY $AMZN $AAPL $INTC + Charts $SPY $QQQ $IWM $DXY $TLT $GLD $VIX $AAPL $TSLA $BTC $AMC https://t.co/2ZECGLyzKX",44.9900016784668,45.36000061035156,43.5,43.59000015258789,42.245323181152344,70765900,INTC,Intel Corporation
2022-05-02,"Good morning TRADERS üí•üëç

Great to be back and sharing the #stickynote ü§ëüí™

$NIO on watch after a delivery miss üöó
$AAPL should re test the $158 level if we test and I will look to fade that until a $161 move higher üìà

$HOOD short, should be easy, let's seeüíØ
$FB $INTC watch https://t.co/YzZAUfdg46",43.720001220703125,44.9900016784668,43.5099983215332,44.959999084472656,43.57306289672851,45446500,INTC,Intel Corporation
2022-05-03,"$INTC $AMD

$INTC from 2018 revenue $70.848B to FY22 guidance of $76B

$AMD from 2018 revenue $6.475B to FY22 guidance of $26.3B üî•",44.790000915527344,45.4900016784668,44.22999954223633,45.060001373291016,43.669979095458984,40158400,INTC,Intel Corporation
2022-05-03,"Now come on now people. You know I'm still #shadegang for life. So to all the $INTC folks out there just know this, you ain't in this boat with us here on the $AMD side... Need a visual. I got you! Your math ain't mathing #amdearnings #amdvsintel https://t.co/0ht4EwaaSE",44.790000915527344,45.4900016784668,44.22999954223633,45.060001373291016,43.669979095458984,40158400,INTC,Intel Corporation
2022-05-04,"$AMD is up 2620% since Lisa Su became CEO in 2014 or a 54.51% CAGR.
$INTC is up 62% since Lisa Su became CEO in 2014 or a 6.60% CAGR, 

Intel has had 3 CEO's since then. https://t.co/DemAzcQmLV",45.060001373291016,46.63999938964844,44.40999984741211,46.540000915527344,45.10432434082031,44625600,INTC,Intel Corporation
2022-05-06,"Bought 1 share of $TROW at $124.78, 4 shares of $INTC at $43.85, and 1 share of $DIS at $109.43",44.4900016784668,45.150001525878906,43.84000015258789,44.29999923706055,43.27280044555664,40916600,INTC,Intel Corporation
2022-05-06,"Some 528,000 manufacturing jobs have been added to U.S. economy in first four months of 2022 - fastest pace in half a century. President heads to Ohio shortly to talk this up. He'll certainly mention microprocessor giant #Intel's $20 billion investment in new fabs there $INTC",44.4900016784668,45.150001525878906,43.84000015258789,44.29999923706055,43.27280044555664,40916600,INTC,Intel Corporation
2022-05-10,"Intel Corp, $INTC, has launched a new chip called Gaudi2 focused on artificial intelligence computing, as the chip manufacturer makes a bigger push into the AI chip market.",44.349998474121094,44.7400016784668,43.5,44.0099983215332,42.98952102661133,42770000,INTC,Intel Corporation
2022-05-16,"JUST IN:

Senator Richard Blumenthal and his wife‚Äôs investment fund bought up to $500,000 of Intel, $INTC, stock just weeks before he voted to approve $52 billion in semiconductor industry subsidies, which Intel directly benefits from.

https://t.co/lodTLfc2N5",43.41999816894531,43.61000061035156,42.790000915527344,43.08000183105469,42.08108901977539,25071900,INTC,Intel Corporation
2022-05-16,"US Senator Richard Blumenthal disclosed that an investment fund managed by his wife‚Äôs family bought between US$250,000 and $500,000 of Intel Corp. stock just weeks before he voted to approve US$52 billion in semiconductor industry subsidies, media report. $INTC #semiconductors",43.41999816894531,43.61000061035156,42.790000915527344,43.08000183105469,42.08108901977539,25071900,INTC,Intel Corporation
2022-05-17,"Here‚Äôs a list of great dividend stocks in the IT sectorüí∞

$TXN Texas Instruments
$CSCO Cisco 
$AAPL Apple
$MSFT Microsoft 
$INTC Intel
$NVDA Nvidia
$ORCL Oracle
$QCOM Qualcomm
$MA Mastercard
$TSM Taiwan Semiconductor

Are you holding any of these?",43.81999969482422,44.41999816894531,43.650001525878906,44.400001525878906,43.3704833984375,28596600,INTC,Intel Corporation
2022-05-19,"Intel, $INTC, shareholders voted last week against the company‚Äôs compensation for its top executives.",42.31999969482422,42.70000076293945,41.720001220703125,42.0099983215332,41.0359001159668,29181000,INTC,Intel Corporation
2022-05-20,"üéØStock Buys
1 share $GOOG $2,155.25
5 shares $INTC $40.65
1 share $MSFT $248.25
2 shares $BBY $69.88
1 share $AAPL $133.42
4 shares $MAIN $35.64
2 shares $MPW $17.83
2 shares $TOR $25.74
2 shares $AOS $56.75
1 $NVDA $159.72
1 $WHR $168.97
1 $SMG $88.75
What did you grab? üîΩ",42.25,42.290000915527344,40.310001373291016,41.650001525878906,40.68424606323242,44802300,INTC,Intel Corporation
2022-05-23,"Intel $INTC is an amazing investing case to look at.

If you bought shares starting 2015, you'd have made 2% CAGR returns up to now.
Revenues increased 40% in that period, and Net Income 118%.

Debt ratio similar, and shares outstanding declined due to buybacks:",41.689998626708984,42.25,41.33000183105469,42.0,41.02613067626953,27199500,INTC,Intel Corporation
2022-05-24,"Here's the intro of today's #MarketOutlook video from @MarketScholars
 
Watch the full video for free here:

https://t.co/JZW2CSmpir

Mentioned: $SPY $SPX $QQQ $IWM $RUT $UUP $TNX $TLT $EEM $EFA $USO $VIX $BTC $PFF $DVY $HYG $AMZN $SNAP $GOOGL $FB $TWTR $JPM $BBY $MRK $NOBL $INTC https://t.co/NIzUvN8RWQ",41.70000076293945,41.88999938964844,41.099998474121094,41.66999816894531,40.70377731323242,29837500,INTC,Intel Corporation
2022-05-24,"CNBC ""How quickly do you think we can get to a place where we are independent of the need for chip manufacturing in Taiwan?‚Äù

Intel CEO ‚ÄúNever.‚Äù

CNBC ‚ÄúNever?‚Äù

PG ‚ÄúNever. ...What we're saying is we need more balanced geographic supply chains."" $INTC $TSM https://t.co/k5tTaAMR9x",41.70000076293945,41.88999938964844,41.099998474121094,41.66999816894531,40.70377731323242,29837500,INTC,Intel Corporation
2022-05-26,"Nvidia continues to prove that it‚Äôs a growth stock and a steward of capital, with record qrtly revenues of $8.29B, up 46% YoY and cash reserves up 83% in one year. Nvidia‚Äôs price to free cash flow valuation, however, has dropped nearly 50% in the last 6 months:

$NVDA $AMD $INTC https://t.co/kiHOz1L5QX",42.16999816894531,43.68000030517578,42.08000183105469,43.47999954223633,42.47180938720703,28826700,INTC,Intel Corporation
2022-05-26,"Meteor Lake Die Shot &amp; Architecture Analysis
Why is Intel 4 only a 40% area reduction vs Intel 7 with identical structures?
Analysis on Redwood Cove and Crestmont, Foveros Omni, use of TSMC N3, SOC/IO chiplets, BOM
Co-written with @Locuza_ 
$INTC $TSM $AMD
https://t.co/AX60kmJNar",42.16999816894531,43.68000030517578,42.08000183105469,43.47999954223633,42.47180938720703,28826700,INTC,Intel Corporation
2022-05-27,"$AMZN is the leader in the cloud and to maintain this lead, the company has had to ramp spending. Capex has risen nearly 300% since Q1 2020. Even while FAANG does hiring freezes, capex spending on data centers remains historically very high.

 $NVDA $AMD $INTC $MRVL https://t.co/AtxlxuaRBb",43.59000015258789,44.54999923706055,43.54999923706055,44.54999923706055,43.51700210571289,30553300,INTC,Intel Corporation
2022-06-01,DO YOU GUYS KNOW I OWN INTEL $INTC  ????,44.77000045776367,44.93000030517578,43.529998779296875,44.11000061035156,43.08720779418945,29885500,INTC,Intel Corporation
2022-06-03,"Here's the intro of today's #MarketOutlook video from @MarketScholars 

Watch the full video for free here:

https://t.co/vQUzIEczDK

Mentioned: $SPY $SPX $QQQ $IWM $RUT $UUP $TNX $HYG $EEM $EFA $USO $GLD $AMZN $MSFT $FB $META $INTC $MDT $NVDA $NFLX $PYPL $AMD $GOOGL $TSLA $EBAY https://t.co/p2sXdY6xBj",44.11000061035156,44.25,43.34000015258789,43.38999938964844,42.3838996887207,33174700,INTC,Intel Corporation
2022-06-06,"Apple unveiling an all new MacBook Air powered by the new M2 chip.

""They're beating intel at their own game,"" says Wedbush's @DivesTech $AAPL $INTC https://t.co/GY5MFOwGlL",43.810001373291016,44.040000915527344,43.08000183105469,43.34000015258789,42.33505630493164,25437100,INTC,Intel Corporation
2022-06-08,"üê≥ news:

- CDC: no monkeypox masks
- Gas at all time highs
- $GS: oil $140 
- $NVDA x $INTC
- Yellen: I could have used a better term than transitory
- Musk, $TWTR financing on hold
- Ken Griffin x crypto
- World Bank: weak growth
- $SHOP: 10:1
- Futures: https://t.co/nH5RI94Tsz https://t.co/FRLSjB4TfL",42.25,42.2599983215332,41.029998779296875,41.22999954223633,40.273983001708984,59649900,INTC,Intel Corporation
2022-06-08,"You DO NOT NEED TO TRADE EVERY NICHE. If trading $FB $AMZN $INTC $NFLX options work for you, God bless, trade away. If you like day trading $AERC $HUSA type runners, by all means do it. If you like #HODLING on #crypto scams, God bless. Just find something you love &amp; stick with it",42.25,42.2599983215332,41.029998779296875,41.22999954223633,40.273983001708984,59649900,INTC,Intel Corporation
2022-06-09,"You can find dividend stocks in many different sectorsüí∞

Techüí∞
$AVGO
$TXN
$MSFT
$INTC

Industrialsüí∞
$CAT
$HON
$LHX
$MMM

Retailüí∞
$WMT
$TGT
$COST
$HD

Healthcareüí∞
$PFE
$JNJ
$MRK
$ABBV

Real Estate
$O
$PLD
$STAG
$MAIN",41.0099983215332,41.349998474121094,40.0099983215332,40.0099983215332,39.082271575927734,39047200,INTC,Intel Corporation
2022-06-10,If you own Intel $INTC and have lost money please forward all complaints to @gurgavin,39.849998474121094,40.08000183105469,39.18000030517578,39.18000030517578,38.27151870727539,43066200,INTC,Intel Corporation
2022-06-10,"I like the current prices of $ALV $TXN $TROW $INTC and $CAST

I NEED MORE MONEY üí∞ 

2 weeks until next salary ü§û",39.849998474121094,40.08000183105469,39.18000030517578,39.18000030517578,38.27151870727539,43066200,INTC,Intel Corporation
2022-06-16,"üß±Thursday Dividend Stock Buysüß±
$LEG 10 shares
$MDT 2 shares
$CNQ 12 shares
$TXN 1 share
$MMM 1 share
$PRU 4 shares 
$INTC 5 shares 
$MO 15 shares 
$AOS 2 shares
$LOW 2 shares
$MFC 20 shares *new position
$CMI 2 shares
$MS 2 shares
$SCHD 4 shares
$SNA 2 shares
What did you buy?",37.70000076293945,37.790000915527344,36.93000030517578,37.34000015258789,36.47418594360352,45576500,INTC,Intel Corporation
2022-06-16,"Interview w/ @CarlQuintanilla @JonFortt @dee_bosa at 11AM ET on: 1) S&amp;P correlation/addiction to Fed policy, 2) the big positioning changes in longs &amp; shorts necessary to make money, 3) upcoming Q2 earnings w/ $TGT $MSFT $INTC negative guidance foreshadowing the ugliness to come",37.70000076293945,37.790000915527344,36.93000030517578,37.34000015258789,36.47418594360352,45576500,INTC,Intel Corporation
2022-06-17,"AMD ‚Äì To Infinity And Beyond
A bit late because of the awesome thumbnail, but covered stuff a lot of others didn't.
CDNA 3 MI300 specifications
Infinity Fabric 4 and custom silicon strategy
AMD CPU area efficiency
XDNA and AIE
2023 EPS estimates
$AMD $INTC
https://t.co/M9eQC36L2R",37.47999954223633,38.119998931884766,36.599998474121094,36.970001220703125,36.112762451171875,71393200,INTC,Intel Corporation
2022-06-22,"Marjorie Taylor Greene purchased 15k in $PG, 15k in $INTC, 50k in $UPS, 15k $GS, 50k in $HD, and sold 50k in $COST, 50k in $V on June 10th. Also sold 50k in $QQQ as a loss. 

Reminder she said war is very profitable after investing in war companies. 

Link https://t.co/Mf9022Vvmb https://t.co/Y0cFsZVD42",37.33000183105469,37.77000045776367,37.220001220703125,37.380001068115234,36.51325607299805,32571000,INTC,Intel Corporation
2022-06-24,"Some solid companies are trading at prices we haven‚Äôt seen in years‚Ä¶

These companies are the same price as they were in 2017.

$INTC Intel $37
$NFLX Netflix $179
$META Meta $157",37.849998474121094,38.63999938964844,37.7400016784668,38.61000061035156,37.71473693847656,38159900,INTC,Intel Corporation
2022-06-27,"Semis [NTM] P/E:

$NVDA 31x
$ASML 24x 
$AMD 17x
$TXN 17x
$MRVL 16x
$ADI 15x
$TSM 14x
$AVGO 13x
$NXPI 11x
$INTC 10x
$MCHP 10x
$STM 10x
$ON 10x
$QCOM 9x
$SKWS 9x
$MU 5x

üíΩNot exactly excessive.",38.869998931884766,39.060001373291016,38.470001220703125,38.630001068115234,37.73427200317383,29585300,INTC,Intel Corporation
2022-06-30,"Intel design teams are in shambles!
Much longer than $AMD to go from chip power-on to shipments!
Icelake power-on Dec 2018, launch Apr 2022, +28 months
Sapphire Rapids power-on Jun 2020, +28m = Oct 2022
GNR hasn't powered-on, can it make 2024 launch?‚ö∞Ô∏è
via @SkyJuice60 
$INTC $AMD https://t.co/kz5NfRppgU",37.209999084472656,38.0,36.72999954223633,37.40999984741211,36.54256057739258,35141000,INTC,Intel Corporation
2022-07-05,Bought 2 shares of $INTC at $35.74 and 2 shares of $MO at $41.62,35.93000030517578,36.7400016784668,35.540000915527344,36.689998626708984,35.83925247192383,33215000,INTC,Intel Corporation
2022-07-07,"100% FREE üëá 

https://t.co/cDO4uFX42f

$SPX $QQQ $SPY $AAPL $BABA $NFLX $BA $COST $TSLA $SQ $FB $GLD $BAC $MRNA $ZM $PTON $NVAX $NVDA $PYPL $NKLA $AMD $AMZN $MSFT  $SNAP $CCL $DAL $BABA $TWTR $NOK $CSCO $PENN $INTC $ACB $CRON $LUV $INO $NIO $VIX $F $GE $TWTR $RCL $MU $DIS",37.88999938964844,38.33000183105469,37.72999954223633,38.13999938964844,37.25563430786133,33165400,INTC,Intel Corporation
2022-07-07,"U.S. chip stocks rise after upbeat Samsung results

Chip stocks including $INTC, $NVDA and $QCOM rise ~1% before the bell",37.88999938964844,38.33000183105469,37.72999954223633,38.13999938964844,37.25563430786133,33165400,INTC,Intel Corporation
2022-07-07,"TSMC has lost a key executive to Intel, media report. VP of Ecosystem Development Suk Lee, who leads TSMC's Open Innovation Platform and is a nearly 14-year veteran at TSMC, left for Intel in June. $TSM $INTC https://t.co/1gxs558TS1",37.88999938964844,38.33000183105469,37.72999954223633,38.13999938964844,37.25563430786133,33165400,INTC,Intel Corporation
2022-07-11,$AMD $INTC Stay Away from AMD and Intel Shares amid a ‚Äúmuch weaker 2H outlook.‚Äù - Barclays,37.65999984741211,37.66999816894531,37.029998779296875,37.20000076293945,36.337432861328125,25904300,INTC,Intel Corporation
2022-07-13,"Here's the intro of today's #MarketOutlook video from 
@MarketScholars 

Watch the full video for free here:

https://t.co/kKsnCcFh40

Mentioned: $SPY $SPX $QQQ $IWM $RUT $USO $GLD $BTC $EEM $EFA $TNX $AAPL $TXN $XEL $CRSP $CMI $INTC $AMGN $GLW $TROW $SNPS $K $TWTR $BA $LUV $UNP https://t.co/fPtfBLXSPY",36.68000030517578,37.43000030517578,36.619998931884766,37.209999084472656,36.347198486328125,27059200,INTC,Intel Corporation
2022-07-15,"Why is it a hot topic? ‚Üí $INTC has delayed the launch of a $20B manufacturing facility in Ohio until Congress passes the bill.

Chip maker CEO's say it's ""vital to national security given that the U.S. is increasingly reliant on manufacturing from Asia, especially Taiwan.""",38.27000045776367,38.66999816894531,37.72999954223633,38.619998931884766,37.72450256347656,32892300,INTC,Intel Corporation
2022-07-15,"Didn‚Äôt post $Intc on here , w 38c because I don‚Äôt want ppl just to dive in anything I type. If you guys promise to be smart I‚Äôll post strikes n not just leave clues like baba and Tlry today , any strike on either went 2-600%

Yes or no ???? üê∏üíú https://t.co/2W4ru7GcFt",38.27000045776367,38.66999816894531,37.72999954223633,38.619998931884766,37.72450256347656,32892300,INTC,Intel Corporation
2022-07-18,On this day in 1968 Intel $INTC was founded https://t.co/dLJYr7Ruw3,39.099998474121094,39.34000015258789,38.529998779296875,38.709999084472656,37.81241607666016,30814400,INTC,Intel Corporation
2022-07-18,"@muddywatersre Intel is currently earning 15% on its capital (despite their ‚Äústruggles‚Äù), and has $45B in cash and investments on its balance sheet. They do not need taxpayer assistance to make strategic decisions in their own best interest. $INTC",39.099998474121094,39.34000015258789,38.529998779296875,38.709999084472656,37.81241607666016,30814400,INTC,Intel Corporation
2022-07-20,"The chart below depicts why America must act soon to move semiconductor manufacturing onto our soil. 

$INTC $MU $TXN $LRCX $AMAT $AMD $NVDA $MRVL https://t.co/95f1jkVFqM",40.209999084472656,40.66999816894531,39.560001373291016,40.560001373291016,39.61952209472656,36387900,INTC,Intel Corporation
2022-07-20,"China‚Äôs SMIC Is Shipping 7nm Foundry ASICs
To be abundantly clear, China‚Äôs SMIC is shipping a foundry process with commercially available chips in the open market which are more advanced than any American or European company.
$TSM $SMIC $INTC $GFS $ASML
https://t.co/MZigIn3eUd",40.209999084472656,40.66999816894531,39.560001373291016,40.560001373291016,39.61952209472656,36387900,INTC,Intel Corporation
2022-07-20,"Micron has over $10 billion in cash. Intel has, what, $40 billion? 

Both have spent many billions on buybacks, not to mention dividends.

Why do big chip companies need taxpayer subsidies?

$MU $INTC https://t.co/I4cTwaWzhD",40.209999084472656,40.66999816894531,39.560001373291016,40.560001373291016,39.61952209472656,36387900,INTC,Intel Corporation
2022-07-20,"Which of these beaten down dividend stocks would you rather buy today?

$T AT&amp;T
$INTC Intel
$MMM 3M",40.209999084472656,40.66999816894531,39.560001373291016,40.560001373291016,39.61952209472656,36387900,INTC,Intel Corporation
2022-07-20,"The Senate will now try to pass the CHIPS bill after approval last night, helping $INTC, $NVDA + other semiconductors.

Nancy Pelosi stressed the importance of passing the bill.

On June 17th, Paul Pelosi‚Äôs bought $5 million $NVDA shares, totalling 20,000 shares in $NVDA.",40.209999084472656,40.66999816894531,39.560001373291016,40.560001373291016,39.61952209472656,36387900,INTC,Intel Corporation
2022-07-20,"The Senate will now try to pass the CHIPS bill, helping $INTC, $NVDA + other American semiconductors.

On June 17th, Paul Pelosi‚Äôs bought $5 million more $NVDA shares, totalling 20,000 shares in $NVDA.

Since Pelosi's purchase, $NVDA rallied 12%, nearly 20% off lows.

Incredible.",40.209999084472656,40.66999816894531,39.560001373291016,40.560001373291016,39.61952209472656,36387900,INTC,Intel Corporation
2022-07-22,"The CHIPS Act rewards manufacturing cos at the expense of our leading design cos, which could hinder our global lead in innovation. FABS Act is better IMO, where both manufacturing and design are rewarded.

Discussed with @cvpayne here: https://t.co/5jXHUvJuZM

$INTC $AMD $NVDA https://t.co/CpeRGXVuV2",40.369998931884766,40.5099983215332,38.939998626708984,39.20000076293945,38.29105758666992,41350000,INTC,Intel Corporation
2022-07-25,"üí•Week Ahead:

*Mon: -
*Tues: Consumer Confidence, New Home Sales; $MSFT $GOOGL $V $UPS $KO $MCD
*Wed: Durable Goods, Pending Home Sales; Fed Rate Hike, Powell; $META $BA $F
*Thurs: Q2 GDP, Jobless Claims; $AAPL $AMZN $INTC $ROKU $LUV $MA
*Fri: PCE Inflation; $XOM $CVX $PG $CL https://t.co/CYf6mZzoF5",39.279998779296875,39.40999984741211,38.54999923706055,39.15999984741211,38.251983642578125,32263400,INTC,Intel Corporation
2022-07-27,BREAKING : The chips bill has been passed by the Senate. $NVDA $QCOM $INTC $AMD https://t.co/jqh8Cms9db,39.27000045776367,40.41999816894531,39.22999954223633,40.18000030517578,39.248329162597656,42571600,INTC,Intel Corporation
2022-07-27,"*SENATE VOTES TO GIVE A $52B BOOST TO US SEMICONDUCTOR INDUSTRY

LETS GO $INTC $AMD $NVDA",39.27000045776367,40.41999816894531,39.22999954223633,40.18000030517578,39.248329162597656,42571600,INTC,Intel Corporation
2022-07-28,$AMD's gross margin is now comfortably above $INTC's. What a difference 5 years makes.,40.09000015258789,40.119998931884766,39.040000915527344,39.709999084472656,38.78922653198242,56662300,INTC,Intel Corporation
2022-07-28,"Intel, $INTC, CFO says every penny counts in what might be a recession.",40.09000015258789,40.119998931884766,39.040000915527344,39.709999084472656,38.78922653198242,56662300,INTC,Intel Corporation
2022-07-28,"This slide is rough to look at, but hard not to imagine that @AMD had something to do with it. $INTC #Intel https://t.co/8xEteu3LeO",40.09000015258789,40.119998931884766,39.040000915527344,39.709999084472656,38.78922653198242,56662300,INTC,Intel Corporation
2022-07-28,"Intel, $INTC, CEO Gelsinger says he is confident this is the bottom.",40.09000015258789,40.119998931884766,39.040000915527344,39.709999084472656,38.78922653198242,56662300,INTC,Intel Corporation
2022-07-28,"*INTEL CEO GELSINGER SAYS `CONFIDENT THIS IS THE BOTTOM'

WTF IS THIS LMAO $INTC",40.09000015258789,40.119998931884766,39.040000915527344,39.709999084472656,38.78922653198242,56662300,INTC,Intel Corporation
2022-07-28,"‚Äú.. one of the worst reports of the whole season, and that‚Äôs saying something ..‚Äù - @knowledge_vital $INTC https://t.co/dRW7HdlUp8",40.09000015258789,40.119998931884766,39.040000915527344,39.709999084472656,38.78922653198242,56662300,INTC,Intel Corporation
2022-07-28,"Intel will be free cash flow negative for years to come.
Intel is will not be able to afford the planned fab buildouts, even with EU and US subsidies.
They will need to raise debt
@PGelsinger should cut their dividend, they already cut their buybacks last year.
$INTC #CHIPSAct",40.09000015258789,40.119998931884766,39.040000915527344,39.709999084472656,38.78922653198242,56662300,INTC,Intel Corporation
2022-07-28,"‚ö†Ô∏èBREAKING:

*INTEL STOCK TUMBLES 9% AS EARNINGS, REVENUE MISS EXPECTATIONS

$INTC https://t.co/5iS3yTs10U",40.09000015258789,40.119998931884766,39.040000915527344,39.709999084472656,38.78922653198242,56662300,INTC,Intel Corporation
2022-07-28,"Some post earnings moves $AMZN $INTC $ROKU

Waiting on Apple $AAPL at 4:30 https://t.co/SFAE6OV6ji",40.09000015258789,40.119998931884766,39.040000915527344,39.709999084472656,38.78922653198242,56662300,INTC,Intel Corporation
2022-07-28,"Good! No wonder why the thieves want to steal $52B from taxpayers. Burn baby burn üî• 
$INTC https://t.co/j7MbMSFb3X",40.09000015258789,40.119998931884766,39.040000915527344,39.709999084472656,38.78922653198242,56662300,INTC,Intel Corporation
2022-07-28,"$AMZN up 12% after hours on earnings
$INTC down 10%
Still waiting for biggest one $AAPL",40.09000015258789,40.119998931884766,39.040000915527344,39.709999084472656,38.78922653198242,56662300,INTC,Intel Corporation
2022-07-28,EARNINGS: Intel Q2 EPS $0.29 Adj. vs. $0.70 Est.; Q2 Revs. $15.32B vs. $17.92B Est. ‚Ä¢ $INTC https://t.co/DyneXDAzB0 https://t.co/LCQStDx46x,40.09000015258789,40.119998931884766,39.040000915527344,39.709999084472656,38.78922653198242,56662300,INTC,Intel Corporation
2022-07-28,"$INTC earnings:

- Revenue: $15.3B, est: $17.9B
- EPS: $0.29, est: $0.69

https://t.co/IT1bYdd76A",40.09000015258789,40.119998931884766,39.040000915527344,39.709999084472656,38.78922653198242,56662300,INTC,Intel Corporation
2022-07-28,"Earnings tomorrow:

$AAPL Apple
$AMZN Amazon
$ROKU Roku 
$MA Mastercard
$PFE Pfizer
$TLRY Tilray
$INTC Intel
$HTZ Hertz",40.09000015258789,40.119998931884766,39.040000915527344,39.709999084472656,38.78922653198242,56662300,INTC,Intel Corporation
2022-07-29,"Dan Niles covered his shorts on $snap dump before the megas reported, sold $intc before it‚Äôs print when was long it for chips act and got massively long $amzn before the print. Be like Dan and never make a mistake ever on any position",35.599998474121094,36.619998931884766,35.2400016784668,36.310001373291016,35.46807098388672,125292400,INTC,Intel Corporation
2022-07-29,$AMD now has a larger market cap than Intel $INTC,35.599998474121094,36.619998931884766,35.2400016784668,36.310001373291016,35.46807098388672,125292400,INTC,Intel Corporation
2022-07-29,"$AMD has passed Intel, $INTC, in market cap.",35.599998474121094,36.619998931884766,35.2400016784668,36.310001373291016,35.46807098388672,125292400,INTC,Intel Corporation
2022-07-29,"Guest hosting w/ @dee_bosa on @CNBC from 6-7PM ET tonight.  Discussion on: 1) recent tech earnings, 2) have we seen THE bottom, 3) the Fed, inflation &amp; valuations &amp; 4) importance of risk management &amp; position sizing around earnings- $AMZN $MSFT $GOOGL, 5) Chips Act- $INTC.",35.599998474121094,36.619998931884766,35.2400016784668,36.310001373291016,35.46807098388672,125292400,INTC,Intel Corporation
2022-07-29,"INTEL EARNINGS THREAD $INTC 

üßµ https://t.co/dZzonPIk8F",35.599998474121094,36.619998931884766,35.2400016784668,36.310001373291016,35.46807098388672,125292400,INTC,Intel Corporation
2022-07-29,"üê≥ news:

- GDP contracts, White House says no recession
- Yellen: US to move to sustainable growth
- $INTC / $ROKU üìâ, $AAPL / $AMZN üìà
- SF: state of emergency
- CHIPS+ Bill passes, Biden to sign next
- Xi x Biden
- Jobless claims up
- Futures: https://t.co/nH5RI94Tsz https://t.co/olZJBnrLy5",35.599998474121094,36.619998931884766,35.2400016784668,36.310001373291016,35.46807098388672,125292400,INTC,Intel Corporation
2022-07-29,"Intel Cuts Fab Buildout by $4B To Pay Billions In Dividends
Intel had their first net loss in at least 30 years.
Despite this, they are ""committed to growing the dividend‚Äù while cutting fab buildouts by $4 billion.
Shame on you @PGelsinger @intel  
$INTC
https://t.co/agLF4pPpyd",35.599998474121094,36.619998931884766,35.2400016784668,36.310001373291016,35.46807098388672,125292400,INTC,Intel Corporation
2022-07-29,"Here's the intro of today's #MarketOutlook video from 
@MarketScholars 

Watch the full video for free here:

https://t.co/1hEx4eBlYU

Mentioned: $SPY $SPX $QQQ $IWM $RUT $USO $GLD $TLT $EEM $EFA $TNX $AAPL $META $AMZN $GOOGL $MSFT $SCHW $INTC $ROKU $CMCSA $CEG $ETSY $ENPH $JD https://t.co/vagQdhf6Ui",35.599998474121094,36.619998931884766,35.2400016784668,36.310001373291016,35.46807098388672,125292400,INTC,Intel Corporation
2022-08-03,$INTC misery is $AMD lunch üòã https://t.co/uMglk7Bblq,36.09000015258789,36.59000015258789,35.2599983215332,36.52000045776367,35.67319869995117,59513900,INTC,Intel Corporation
2022-08-03,"A tale of two different stories - AMD continues to take market share from Intel in the data center market by posting an 83% quarterly YoY increase in revenue with strong forward guidance, while Intel posted a 16% decline. 

$AMD $INTC https://t.co/wUUkIs5iwi",36.09000015258789,36.59000015258789,35.2599983215332,36.52000045776367,35.67319869995117,59513900,INTC,Intel Corporation
2022-08-03,"$AMD Lisa as always dropping torpedoes. 70% YoY growth, 6% YoY margin expansion, and 2x of Net Income YoY. Different picture vs old, dying $INTC.",36.09000015258789,36.59000015258789,35.2599983215332,36.52000045776367,35.67319869995117,59513900,INTC,Intel Corporation
2022-08-03,"$AMD data center segment grew 83% year-over-year during the June quarter. $INTC, by comparison, last week reported a 16% year-over-year sales drop for its data-center server unit over the same period.",36.09000015258789,36.59000015258789,35.2599983215332,36.52000045776367,35.67319869995117,59513900,INTC,Intel Corporation
2022-08-04,"ITALY AND INTEL CLOSE TO A 5 $BILLION DEAL FOR A CHIP FACTORY

ITALY WILL FINANCE 40% OF IT $INTC https://t.co/CzVBDuAbIr",36.0099983215332,36.099998474121094,35.36000061035156,35.65999984741211,35.184791564941406,54046300,INTC,Intel Corporation
2022-08-04,"Italy, Intel, $INTC, are close to a $5B deal for an advanced packaging factory.",36.0099983215332,36.099998474121094,35.36000061035156,35.65999984741211,35.184791564941406,54046300,INTC,Intel Corporation
2022-08-09,"$AMD down 6.3% on broader semiconductor weakness

As investors we gotta ask ourselves.. Why did $NVDA, $MU, and $INTC all report terrible numbers while slashing guide? Why did $AMD guide in line and beat expectations?",35.220001220703125,35.29999923706055,34.400001525878906,34.52000045776367,34.05998611450195,48202300,INTC,Intel Corporation
2022-08-09,"If Cathie had any brains üß† or any trading skill, she will buy $INTC and she will sell $NVDA 

This proves I will be right that $arkk will trade 24.5 dollars",35.220001220703125,35.29999923706055,34.400001525878906,34.52000045776367,34.05998611450195,48202300,INTC,Intel Corporation
2022-08-09,"Intel, $INTC, is seen as the biggest beneficiary of the U.S. CHIPS and Science Act, according to Bank of America, $BAC.",35.220001220703125,35.29999923706055,34.400001525878906,34.52000045776367,34.05998611450195,48202300,INTC,Intel Corporation
2022-08-09,"Dividend pending $364.87 
$INTC $WFC $OHI $AAPL $ET. 

‚ÄúDo you know the only thing that gives me pleasure? It's to see my dividends coming in.‚Äù

John D. Rockefeller https://t.co/UEGNdtUcFp",35.220001220703125,35.29999923706055,34.400001525878906,34.52000045776367,34.05998611450195,48202300,INTC,Intel Corporation
2022-08-12,"Seth Klarman buys: $WBD, $AMZN , $EDU.. cuts : $INTC, $META, $GOOG https://t.co/Nb09GxXYA7",35.79999923706055,36.13999938964844,35.66999816894531,36.11000061035156,35.6287956237793,37675200,INTC,Intel Corporation
2022-08-12,"Very interesting data from Jefferies showing CPU and GPU instance share in the top cloud providers. Haven't come across this level of granularity before $NVDA $AMD $INTC 

CPUs - clear trend of AMD taking share from Intel, but also AWS's Graviton being pushed strongly as well https://t.co/62pvghhgpL",35.79999923706055,36.13999938964844,35.66999816894531,36.11000061035156,35.6287956237793,37675200,INTC,Intel Corporation
2022-08-12,"Semiconductor foundry performance in 2Q22. Thread.

Except for Intel, all other foundries grew revenue.

TSMC: 36.7%
GloFo: 23.0%
UMC: 41.6%
SMIC: 41.6%
Intel: -53.8%
$TSM $INTC $TSEM $GFS $UMC $SSNLF $SMIC https://t.co/xXWRjIodFV",35.79999923706055,36.13999938964844,35.66999816894531,36.11000061035156,35.6287956237793,37675200,INTC,Intel Corporation
2022-08-16,"Intel, $INTC, is seen as the biggest beneficiary of the U.S. CHIPS and Science Act, per Bank of America, $BAC.",36.15999984741211,36.58000183105469,35.70000076293945,36.189998626708984,35.70772933959961,25000200,INTC,Intel Corporation
2022-08-17,"TSMC already has 7 major customers for 3nm (N3), with Apple first, then Intel, and AMD, Nvidia, Qualcomm, MediaTek and Broadcom, media report, and TSMC will stick to its original 3nm capacity expansion schedule as it ramps production. $TSM $AAPL $INTC $AMD $NVDA $QCOM $AVGO",35.810001373291016,36.08000183105469,35.27000045776367,35.779998779296875,35.303192138671875,29176100,INTC,Intel Corporation
2022-08-22,Bought 6 shares of $INTC at $34.06,35.0,35.060001373291016,33.72999954223633,33.84000015258789,33.38904571533203,51006100,INTC,Intel Corporation
2022-08-22,USED THE GAINS TO BUY THE DIP ON $INTC ANOTHER $350K WORTH AT $33.91 https://t.co/Kjjk5wEyuQ,35.0,35.060001373291016,33.72999954223633,33.84000015258789,33.38904571533203,51006100,INTC,Intel Corporation
2022-08-23,"*INTEL TO JOINTLY INVEST UP TO $30 BILLION  IN CHIP FACTORIES IN ARIZONA

*INTEL ADVANCES SEMICONDUCTOR CO-INVESTMENT PROGRAM

*INTEL TO HOLD 51% BROOKFIELD 49% OF THE INVESTMENT VEHICLE

$INTC $BAM",33.97999954223633,34.38999938964844,33.90999984741211,33.95000076293945,33.497581481933594,30687100,INTC,Intel Corporation
2022-08-25,"CEO OF INTEL BOUGHT ANOTHER 14,800 SHARES TODAY FOR $500,000 $INTC",33.869998931884766,34.93000030517578,33.81999969482422,34.88999938964844,34.425052642822266,29799100,INTC,Intel Corporation
2022-08-25,"Important: the semiconductor industry is concentrated. Many of the world's chipmakers, including $AAPL, $INTC, $NVDA, $AMD, and $QCOM, rely on $TSM.

This graphic helps to illustrate just how devastating an invasion of Taiwan that kneecaps $TSM would be for the rest of the world. https://t.co/w018mAWFqi",33.869998931884766,34.93000030517578,33.81999969482422,34.88999938964844,34.425052642822266,29799100,INTC,Intel Corporation
2022-08-26,"‚úÖGood Day To Buy More Future Income‚úÖ
3 Shares $SCHD at $74.31
2 shares $PNR at 46.20
3 Shares $SWK at $90.15
3 Shares $GOOG at $111.78
5 Shares $VFC at $41.28
4 Shares $INTC at 33.42
4 Shares $VZ at $43.28

What did you guys grab today? ‚è¨",34.95000076293945,35.029998779296875,33.349998474121094,33.36000061035156,32.915443420410156,44851500,INTC,Intel Corporation
2022-08-26,$INTC strikes $30B deal to build new chip factory,34.95000076293945,35.029998779296875,33.349998474121094,33.36000061035156,32.915443420410156,44851500,INTC,Intel Corporation
2022-08-30,"Another üü• Day &amp; More Future Income Added ‚úÖ

2 Shares $MDT at $87.25
2 Shares $INTC at $32.37
1 Share $SCHD at $73.00
1 Share $SWK at $89.81
2 Shares $LYB at $83.51
3 Shares $VZ at $42.61
2 Shares $GOOG at $109.25
1 Share $JNJ at $162.15

What did you guys add today?",33.040000915527344,33.06999969482422,32.150001525878906,32.2599983215332,31.83009910583496,40182500,INTC,Intel Corporation
2022-09-01,"$75.2 in dividends earned today! $28.66 from $INTC, $21.52 from $KR, $20.88 from $SJM, and $4.14 from $V",31.56999969482422,31.829999923706055,31.1299991607666,31.760000228881836,31.33676528930664,36440700,INTC,Intel Corporation
2022-09-02,"Friday Adds For Future Income ‚úÖ

3 shares $VZ at $41.18
2 shares $LYB $80.75
1 share $MDT $86.96
8 shares $CMCSA $35.66 (new position)
2 shares $INTC $31.16
2 shares $SCHD $71.81
2 shares $PNR  $43.78
1 share $SWK $85.50 
2 shares $GOOG $108.15

What did you buy today?",32.209999084472656,32.380001068115234,31.059999465942383,31.219999313354492,30.8039608001709,34893300,INTC,Intel Corporation
2022-09-07,"Pat Gelsinger says $INTC's Q3 and full-year sales are ""trending toward the lower end"" of the guidance ranges it issued in July (big ? is how much of this is due to demand weakening more vs. additional share loss). https://t.co/WcRnJM8axq",30.420000076293945,30.790000915527344,30.049999237060547,30.649999618530273,30.24155616760254,37329500,INTC,Intel Corporation
2022-09-08,"Choppy waters ahead for the semiconductor industry amid slowing demand affecting chipmakers $INTC $TSM #Samsung, on top of the Sino-US chip war. Here's the latest. $SOX https://t.co/7bDn75PwBi https://t.co/siR0mNf9vW",30.3700008392334,30.850000381469727,29.90999984741211,30.75,30.34022331237793,37359500,INTC,Intel Corporation
2022-09-08,BIDEN TO ATTEND INTEL‚ÄôS $20 BILLION OHIO PLANT‚ÄôS GROUNDBREAKING TOMORROW $INTC,30.3700008392334,30.850000381469727,29.90999984741211,30.75,30.34022331237793,37359500,INTC,Intel Corporation
2022-09-09,"Intel breaks ground today in Ohio.

Meanwhile, in North Carolina ‚Ä¶

$WOLF $INTC https://t.co/i8uwBMRZhT",31.190000534057617,31.5,31.079999923706055,31.459999084472656,31.040761947631836,34069500,INTC,Intel Corporation
2022-09-09,"Biden is in rural Ohio today to celebrate the groundbreaking of Intel's, $INTC, new semiconductor factory site.",31.190000534057617,31.5,31.079999923706055,31.459999084472656,31.040761947631836,34069500,INTC,Intel Corporation
2022-09-09,$INTC INTEL DIVIDEND YIELD ALMOST AT 5% INSANE https://t.co/Od0ja40XSX,31.190000534057617,31.5,31.079999923706055,31.459999084472656,31.040761947631836,34069500,INTC,Intel Corporation
2022-09-13,$amd of today vs. $intc of 2000. ironic isn't it... https://t.co/XBVUfczmDS,30.829999923706055,30.93000030517578,29.25,29.290000915527344,28.899681091308594,71417900,INTC,Intel Corporation
2022-09-13,"At times like these, the question must be asked. What stocks are obvious buys at these prices?

Some potential picks...

$GOOGL Google $104
$NVDA Nvidia $131
$META Meta $153
$MMM 3M $120
$INTC Intel $29",30.829999923706055,30.93000030517578,29.25,29.290000915527344,28.899681091308594,71417900,INTC,Intel Corporation
2022-09-13,"üõíWent Shopping On The Dip üìâ

$CMCSA 9 shares $34.08
$AOS 4 shares $54.41
$HD 1 share $280 (new position)
$MO 3 shares $43.23
$JNJ 1 share $161.65
$TROW 2 shares $116.33
$WHR 2 shares $148.05
$SCHD 2 shares $71.62
$INTC 6 shares $29.72

What did you guys buy today?",30.829999923706055,30.93000030517578,29.25,29.290000915527344,28.899681091308594,71417900,INTC,Intel Corporation
2022-09-13,"$INTC under $30 üëÄ 

Falling Knife or Undervalued?

*No Position",30.829999923706055,30.93000030517578,29.25,29.290000915527344,28.899681091308594,71417900,INTC,Intel Corporation
2022-09-15,Senator Tommy Tuberville just filed for his purchase of at least $101K worth of Intel $INTC according to CongressTrading https://t.co/Pdbq4RC9yO,29.149999618530273,29.40999984741211,28.709999084472656,28.84000015258789,28.455677032470703,39919100,INTC,Intel Corporation
2022-09-15,"Thanks for checking out todays #stickynote, pls re-tweet üëÄüíØ

$BYND disaster and new 52 lows, look to smash the $19.75 bottom

$MSFT $250 a very key level,if we break its a SS to $248...

$AMD repeat yday $78 SHORT

$INTC if we rally to $30 SS, chips in trouble

$SBUX LONG $90 https://t.co/j0ykKIJHKH",29.149999618530273,29.40999984741211,28.709999084472656,28.84000015258789,28.455677032470703,39919100,INTC,Intel Corporation
2022-09-16,"$INTC
- forward PE of 10x
- EV/sales 1.9x
- EV/EBITDA 4x
- dividend yield of 5.06%
- Mobileye IPO eventually
- CEO bought stock at $33 weeks ago
- CEO said ""this is the bottom"" on CNBC after last Q, mentioned the words ""this is the bottom"" on the conference call at least 3 times",28.700000762939453,29.31999969482422,28.420000076293945,29.239999771118164,28.850345611572266,72748000,INTC,Intel Corporation
2022-09-16,"Before the CHIPS+ Bill was signed by Biden on August 9th, and after Congress passed the Act in July 28th, Tommy Tuberville purchased up to $265,000 of Intel, $INTC.

$INTC is to be a beneficiary of the bill.

The trades were done on 08/05, disclosed on 09/15.",28.700000762939453,29.31999969482422,28.420000076293945,29.239999771118164,28.850345611572266,72748000,INTC,Intel Corporation
2022-09-16,"*INTEL MAINTAINS QUARTERLY DIVIDEND AT 36.5 CENTS/SHR

*EX-DATE IS NOV. 4, PAYABLE DEC. 1 TO SHAREHOLDERS

DAMM INTEL STILL TRADING AT 5.1% DIVIDEND YIELD WITH NO PLANS TO CUT THE DIVIDEND $INTC",28.700000762939453,29.31999969482422,28.420000076293945,29.239999771118164,28.850345611572266,72748000,INTC,Intel Corporation
2022-09-19,"My top 5 stock positions to date:

1. Intel $INTC 8.3%
2. 3M $MMM 8.0%
3. AT&amp;T $T 8.0%
4. Realty Income $O 7.3%
5. Altria Group $MO 6.7%",29.020000457763672,29.5,28.899999618530273,29.440000534057617,29.04768180847168,33151900,INTC,Intel Corporation
2022-09-21,$INTC dividend is now 5%. Stock is 29 dollar at a p/e of 6.,29.149999618530273,29.59000015258789,28.459999084472656,28.469999313354492,28.090606689453125,39977300,INTC,Intel Corporation
2022-09-22,Here's the 34 S&amp;P 500 stocks with market caps above $20 billion that are now down over the last 5 years on a total return basis.  $META $BKNG $SLB $WFC $C $GILD $BA $GE $MMM $FDX $DD $INTC https://t.co/Ue5QQSDsFA,28.399999618530273,28.5,28.040000915527344,28.06999969482422,27.69593811035156,36092700,INTC,Intel Corporation
2022-09-22,"Notable large cap stocks that hit new 52 Week Lows at some point today

$AMD
$DOCU
FedEx $FDX
Google $GOOGL
Intel $INTC
Southwest $LUV
Mastercard $MA
Facebook $META
3M $MMM
Microsoft $MSFT
Micron $MU
Nike $NKE
Nvidia $NVDA
Shopify $SHOP
Square $SQ
AT&amp;T $T
Visa $V
Verizon $VZ
$ZM",28.399999618530273,28.5,28.040000915527344,28.06999969482422,27.69593811035156,36092700,INTC,Intel Corporation
2022-09-22,"$INTC hitting major support from 2012, 2015 and 2016. Nice oversold chart with time count. Good level at $28 for a strong bounce imo. Potential turn around story. #SwingTrade #Trading #Investing #StocksToBuy https://t.co/Wagq1eWmib",28.399999618530273,28.5,28.040000915527344,28.06999969482422,27.69593811035156,36092700,INTC,Intel Corporation
2022-09-23,"Bought 3 shares of $MSFT at $237.24, 5 shares of $TXN at $161.13, 1 share of $V at $183.17, and 4 shares of $INTC at $27.53",27.899999618530273,27.899999618530273,27.190000534057617,27.520000457763672,27.15326690673828,43491100,INTC,Intel Corporation
2022-09-23,"üõíBuys Todayüõí

# shares/ticker/price

5  $CMCSA $31.65
6 $VFC $35.50
3  $LYB $72.45
3  $TSN $69.65
3  $INTC $27.50
20 $MFC $15.78
8 $LEG $33.83
8 $SCHD $67.90
4  $PRU $88.10
3 $SPG $88.25
2 $MDT $81.75
2 $VZ  $39.15
2 $AOS $49.90
2 $O  $61.65
1 $SWK $77.68

What did you buy?",27.899999618530273,27.899999618530273,27.190000534057617,27.520000457763672,27.15326690673828,43491100,INTC,Intel Corporation
2022-09-23,"Some notable large cap stocks that hit new 52 Week lows today

$AMD
Citi $C
Caterpillar $CAT 
Salesforce $CRM
Google $GOOGL
Intel $INTC
Mastercard $MA
Facebook $META
3M $MMM
Microsoft $MSFT
Micron $MU
Nike $NKE
Nvidia $NVDA
$SE
Shopify $SHOP
Square $SQ
AT&amp;T $T
$UPS
Visa $V",27.899999618530273,27.899999618530273,27.190000534057617,27.520000457763672,27.15326690673828,43491100,INTC,Intel Corporation
2022-09-26,"While semis have been under pressure due to macro factors, some have been able to grow their cash substantially. Here‚Äôs a look at the top stocks with the biggest YoY growth in their cash:

$ADI $NVDA $AVGO $AMD $TSM $TXN $SNPS $ON $NXPI $MPWR $INTC $CDNS $MCHP $QCOM $KLAC https://t.co/hSNsAVn1nC",27.559999465942383,27.700000762939453,26.86000061035156,26.969999313354492,26.610595703125,44786400,INTC,Intel Corporation
2022-09-26,"These companies are the same price as they were many years ago, accounting for dividends.

$META Meta $138 - 2017
$VZ Verizon $38 - 2016
$DIS Disney $98 - 2015
$BABA Alibaba $80 - 2015
$INTC Intel $27 - 2014
$MMM 3M $112 - 2014",27.559999465942383,27.700000762939453,26.86000061035156,26.969999313354492,26.610595703125,44786400,INTC,Intel Corporation
2022-09-26,"And just like that $INTC is below the 2014 highs.
All buyers over the past 4.5 years under water. https://t.co/7rns3jE8QO",27.559999465942383,27.700000762939453,26.86000061035156,26.969999313354492,26.610595703125,44786400,INTC,Intel Corporation
2022-09-26,"Yesterday's winners will not be the winners of tomorrow

30 year chart of former ""Horseman"" $INTC

The ‚öìÔ∏èVWAP from the 2000 peak is approx 2790 which means the average long from that high is losing money https://t.co/vHrUZlYn1U",27.559999465942383,27.700000762939453,26.86000061035156,26.969999313354492,26.610595703125,44786400,INTC,Intel Corporation
2022-09-27,"Bought 2 shares of $MSFT at $236.34, 1 share of $V at $179.17, 4 shares of $MO at $41.10, and 2 shares of $INTC at $26.78",27.399999618530273,27.600000381469727,26.6200008392334,26.88999938964844,26.531661987304688,44121400,INTC,Intel Corporation
2022-09-28,"Intel just opened up OneAPI.
Anyone who contributes can vote in the governing body.
We could see OneAPI become the standard for the entire industry due to this.
It's a long road of course.
$INTC $NVDA
https://t.co/2gbBaiLcGC",26.86000061035156,27.280000686645508,26.600000381469727,27.1299991607666,26.768463134765625,40433400,INTC,Intel Corporation
2022-09-29,"Lower prices in dividend stocks presents higher dividend yields - I buy fear and panic

$O 4.93%
$ABBV  3.9%
$TXN 3.05%
$TROW 4.38%
$PRU 5.03% 
$MO 9.08%
$ENB 6.51%
$MMM 5.22%
$ABR 12.58%
$INTC 5.38%
$KO 3.09%",26.780000686645508,26.780000686645508,26.190000534057617,26.3799991607666,26.02845764160156,41831300,INTC,Intel Corporation
